total_frames,total_reps,avg_fps,mean_angle,std_angle,mean_sway,max_sway
635,6,10.775018685475597,135.49606299212599,40.07502310154151,,
