total_frames,total_reps,avg_fps,mean_angle,std_angle,mean_sway,max_sway
752,0,12.071222077949534,138.625,25.81951723096206,17.11413043478261,73.0
