total_frames,total_reps,avg_fps,mean_angle,std_angle,mean_sway,max_sway
752,0,13.224830037971344,138.75037369207772,30.940480635019444,17.11413043478261,73.0
