total_frames,total_reps,avg_fps,mean_angle,std_angle,mean_sway,max_sway
417,4,13.152247235284882,129.77458033573143,37.15698280967078,30.534653465346533,288.0
