total_frames,total_reps,avg_fps,mean_angle,std_angle,mean_sway,max_sway
417,4,12.192204389813174,129.1270983213429,38.002981404707704,30.534653465346533,288.0
