total_frames,total_reps,avg_fps,mean_angle,std_angle,mean_sway,max_sway
445,2,12.619583033647876,145.82798833819243,31.703249935419866,11.271264367816093,59.0
