total_frames,total_reps,avg_fps,mean_angle,std_angle,mean_sway,max_sway
445,2,12.160193584761908,131.14831460674156,43.16243704023385,11.271264367816093,59.0
