total_frames,total_reps,avg_fps,mean_angle,std_angle,mean_sway,max_sway
379,6,11.535206870073813,135.28877005347593,46.45909189162767,16.71875,26.0
