total_frames,total_reps,avg_fps,mean_angle,std_angle,mean_sway,max_sway
379,9,12.96398791157413,137.38888888888889,40.39765866450898,16.71875,26.0
