total_frames,total_reps,avg_fps,mean_angle,std_angle,mean_sway,max_sway
319,0,13.255088639282553,156.46153846153845,18.331220740751387,,
