total_frames,total_reps,avg_fps,mean_angle,std_angle,mean_sway,max_sway
319,4,12.184320221341466,131.79770992366412,36.88016623338517,,
