total_frames,total_reps,avg_fps,mean_angle,std_angle,mean_sway,max_sway
773,7,12.104899629746985,116.15135834411385,39.655695823367076,12.567496723460026,64.0
