total_frames,total_reps,avg_fps,mean_angle,std_angle,mean_sway,max_sway
773,2,13.039402434623828,128.88695652173914,27.460952708308067,12.567496723460026,64.0
