total_frames,total_reps,avg_fps,mean_angle,std_angle,mean_sway,max_sway
913,5,12.099133959535889,140.04271631982476,34.283316074069745,7.799557032115172,94.0
