total_frames,total_reps,avg_fps,mean_angle,std_angle,mean_sway,max_sway
913,5,12.181707722993329,145.6236559139785,29.68852717071876,7.799557032115172,94.0
