total_frames,total_reps,avg_fps,mean_angle,std_angle,mean_sway,max_sway
445,2,12.37601076972335,134.69761904761904,43.01352947001553,14.280459770114943,58.0
