total_frames,total_reps,avg_fps,mean_angle,std_angle,mean_sway,max_sway
445,2,13.322414246524623,141.25475285171103,35.83688297721573,14.280459770114943,58.0
