total_frames,total_reps,avg_fps,mean_angle,std_angle,mean_sway,max_sway
355,2,12.668255000695531,141.14647887323943,25.85544250362326,,
