total_frames,total_reps,avg_fps,mean_angle,std_angle,mean_sway,max_sway
355,0,12.935187287349187,139.92045454545453,22.928712310678247,,
