total_frames,total_reps,avg_fps,mean_angle,std_angle,mean_sway,max_sway
306,6,12.156481806403624,125.95045045045045,41.91698620878952,,
