total_frames,total_reps,avg_fps,mean_angle,std_angle,mean_sway,max_sway
306,0,13.11544818642533,161.06451612903226,15.200735692439293,,
