total_frames,total_reps,avg_fps,mean_angle,std_angle,mean_sway,max_sway
535,1,12.968567528143716,144.1453488372093,23.941177462765147,0.5440729483282675,3.0
