total_frames,total_reps,avg_fps,mean_angle,std_angle,mean_sway,max_sway
535,5,12.14918482988281,133.48598130841123,38.482488961426554,0.5440729483282675,3.0
