total_frames,total_reps,avg_fps,mean_angle,std_angle,mean_sway,max_sway
304,0,13.143458949917893,156.52727272727273,15.941855630470403,,
