total_frames,total_reps,avg_fps,mean_angle,std_angle,mean_sway,max_sway
226,3,12.256479012001646,118.37610619469027,37.298854970417366,,
