total_frames,total_reps,avg_fps,mean_angle,std_angle,mean_sway,max_sway
226,3,13.061170751058235,115.63716814159292,39.08146749136052,,
