total_frames,total_reps,avg_fps,mean_angle,std_angle,mean_sway,max_sway
2392,9,12.563277870893195,130.4021784666946,38.35931015919529,183.65375302663438,337.0
