total_frames,total_reps,avg_fps,mean_angle,std_angle,mean_sway,max_sway
2392,2,12.964731231771234,147.72821270310192,25.118770861877284,183.65375302663438,337.0
