total_frames,total_reps,avg_fps,mean_angle,std_angle,mean_sway,max_sway
1285,7,10.877064819297152,146.02645914396888,31.762370960395618,,
