total_frames,total_reps,avg_fps,mean_angle,std_angle,mean_sway,max_sway
1285,9,12.926593235620917,139.19470404984423,35.24464464040129,,
