total_frames,total_reps,avg_fps,mean_angle,std_angle,mean_sway,max_sway
622,8,11.500561149243454,152.2684887459807,35.4464546485093,10.196113074204947,38.0
