total_frames,total_reps,avg_fps,mean_angle,std_angle,mean_sway,max_sway
622,15,12.395159843510445,119.42505133470226,41.48054763433922,10.196113074204947,38.0
