total_frames,total_reps,avg_fps,mean_angle,std_angle,mean_sway,max_sway
226,3,11.714726564718728,116.73451327433628,37.38473073901579,,
