total_frames,total_reps,avg_fps,mean_angle,std_angle,mean_sway,max_sway
445,2,11.696209968953239,146.34897360703812,31.471437664163062,3.537931034482759,15.0
