total_frames,total_reps,avg_fps,mean_angle,std_angle,mean_sway,max_sway
445,2,12.657358887319809,130.52359550561798,44.58373542583327,3.537931034482759,15.0
