total_frames,total_reps,avg_fps,mean_angle,std_angle,mean_sway,max_sway
226,3,13.041803255333003,116.91878172588832,41.241987503054624,,
